X,Y,row,column,layer,node,Reach,Q,Conc,Flux_gw,Wellname
3875,7875,9,16,1,256,0,-0.008200,0.000000,0.000000,Well1
3125,7375,11,13,1,256,0,-0.004100,0.000000,0.000000,Well2
3375,5125,20,14,1,256,0,-0.003900,0.000000,0.000000,Well3
2375,3625,26,10,1,256,0,-0.000830,0.000000,0.000000,Well4
1375,2875,29,6,1,256,0,-0.000720,0.000000,0.000000,Well5
2875,1625,34,12,1,256,0,-0.004300,0.000000,0.000000,Well6
